Participant,TOI,Interval,Media,Duration_of_interval,Start_of_interval,Number_of_Events.Logged_live_Event,Number_of_Events.Untitled,Time_to_first_Event.Logged_live_Event,Time_to_first_Event.Untitled,Total_duration_of_fixations.109,Total_duration_of_fixations.116,Total_duration_of_fixations.119,Total_duration_of_fixations.120,Total_duration_of_fixations.full,Total_duration_of_fixations.full,Total_duration_of_fixations.full,Total_duration_of_fixations.full,Total_duration_of_fixations.full,Total_duration_of_fixations.full,Total_duration_of_fixations.full,Total_duration_of_fixations.Full,Total_duration_of_fixations.Full,Total_duration_of_fixations.Full,Total_duration_of_fixations.Full,Total_duration_of_fixations.Full,Total_duration_of_fixations.Full,Total_duration_of_fixations.Full,Average_duration_of_fixations.109,Average_duration_of_fixations.116,Average_duration_of_fixations.119,Average_duration_of_fixations.120,Average_duration_of_fixations.full,Average_duration_of_fixations.full,Average_duration_of_fixations.full,Average_duration_of_fixations.full,Average_duration_of_fixations.full,Average_duration_of_fixations.full,Average_duration_of_fixations.full,Average_duration_of_fixations.Full,Average_duration_of_fixations.Full,Average_duration_of_fixations.Full,Average_duration_of_fixations.Full,Average_duration_of_fixations.Full,Average_duration_of_fixations.Full,Average_duration_of_fixations.Full,Minimum_duration_of_fixations.109,Minimum_duration_of_fixations.116,Minimum_duration_of_fixations.119,Minimum_duration_of_fixations.120,Minimum_duration_of_fixations.full,Minimum_duration_of_fixations.full,Minimum_duration_of_fixations.full,Minimum_duration_of_fixations.full,Minimum_duration_of_fixations.full,Minimum_duration_of_fixations.full,Minimum_duration_of_fixations.full,Minimum_duration_of_fixations.Full,Minimum_duration_of_fixations.Full,Minimum_duration_of_fixations.Full,Minimum_duration_of_fixations.Full,Minimum_duration_of_fixations.Full,Minimum_duration_of_fixations.Full,Minimum_duration_of_fixations.Full,Maximum_duration_of_fixations.109,Maximum_duration_of_fixations.116,Maximum_duration_of_fixations.119,Maximum_duration_of_fixations.120,Maximum_duration_of_fixations.full,Maximum_duration_of_fixations.full,Maximum_duration_of_fixations.full,Maximum_duration_of_fixations.full,Maximum_duration_of_fixations.full,Maximum_duration_of_fixations.full,Maximum_duration_of_fixations.full,Maximum_duration_of_fixations.Full,Maximum_duration_of_fixations.Full,Maximum_duration_of_fixations.Full,Maximum_duration_of_fixations.Full,Maximum_duration_of_fixations.Full,Maximum_duration_of_fixations.Full,Maximum_duration_of_fixations.Full,Number_of_fixations.109,Number_of_fixations.116,Number_of_fixations.119,Number_of_fixations.120,Number_of_fixations.full,Number_of_fixations.full,Number_of_fixations.full,Number_of_fixations.full,Number_of_fixations.full,Number_of_fixations.full,Number_of_fixations.full,Number_of_fixations.Full,Number_of_fixations.Full,Number_of_fixations.Full,Number_of_fixations.Full,Number_of_fixations.Full,Number_of_fixations.Full,Number_of_fixations.Full,Time_to_first_fixation.109,Time_to_first_fixation.116,Time_to_first_fixation.119,Time_to_first_fixation.120,Time_to_first_fixation.full,Time_to_first_fixation.full,Time_to_first_fixation.full,Time_to_first_fixation.full,Time_to_first_fixation.full,Time_to_first_fixation.full,Time_to_first_fixation.full,Time_to_first_fixation.Full,Time_to_first_fixation.Full,Time_to_first_fixation.Full,Time_to_first_fixation.Full,Time_to_first_fixation.Full,Time_to_first_fixation.Full,Time_to_first_fixation.Full,Duration_of_first_fixation.109,Duration_of_first_fixation.116,Duration_of_first_fixation.119,Duration_of_first_fixation.120,Duration_of_first_fixation.full,Duration_of_first_fixation.full,Duration_of_first_fixation.full,Duration_of_first_fixation.full,Duration_of_first_fixation.full,Duration_of_first_fixation.full,Duration_of_first_fixation.full,Duration_of_first_fixation.Full,Duration_of_first_fixation.Full,Duration_of_first_fixation.Full,Duration_of_first_fixation.Full,Duration_of_first_fixation.Full,Duration_of_first_fixation.Full,Duration_of_first_fixation.Full,Last_AOI_viewed,AOI_at_interval_end,Average_pupil_diameter.109,Average_pupil_diameter.116,Average_pupil_diameter.119,Average_pupil_diameter.120,Average_pupil_diameter.full,Average_pupil_diameter.full,Average_pupil_diameter.full,Average_pupil_diameter.full,Average_pupil_diameter.full,Average_pupil_diameter.full,Average_pupil_diameter.full,Average_pupil_diameter.Full,Average_pupil_diameter.Full,Average_pupil_diameter.Full,Average_pupil_diameter.Full,Average_pupil_diameter.Full,Average_pupil_diameter.Full,Average_pupil_diameter.Full,Total_duration_of_whole_fixations.109,Total_duration_of_whole_fixations.116,Total_duration_of_whole_fixations.119,Total_duration_of_whole_fixations.120,Total_duration_of_whole_fixations.full,Total_duration_of_whole_fixations.full,Total_duration_of_whole_fixations.full,Total_duration_of_whole_fixations.full,Total_duration_of_whole_fixations.full,Total_duration_of_whole_fixations.full,Total_duration_of_whole_fixations.full,Total_duration_of_whole_fixations.Full,Total_duration_of_whole_fixations.Full,Total_duration_of_whole_fixations.Full,Total_duration_of_whole_fixations.Full,Total_duration_of_whole_fixations.Full,Total_duration_of_whole_fixations.Full,Total_duration_of_whole_fixations.Full,Average_duration_of_whole_fixations.109,Average_duration_of_whole_fixations.116,Average_duration_of_whole_fixations.119,Average_duration_of_whole_fixations.120,Average_duration_of_whole_fixations.full,Average_duration_of_whole_fixations.full,Average_duration_of_whole_fixations.full,Average_duration_of_whole_fixations.full,Average_duration_of_whole_fixations.full,Average_duration_of_whole_fixations.full,Average_duration_of_whole_fixations.full,Average_duration_of_whole_fixations.Full,Average_duration_of_whole_fixations.Full,Average_duration_of_whole_fixations.Full,Average_duration_of_whole_fixations.Full,Average_duration_of_whole_fixations.Full,Average_duration_of_whole_fixations.Full,Average_duration_of_whole_fixations.Full,Minimum_duration_of_whole_fixations.109,Minimum_duration_of_whole_fixations.116,Minimum_duration_of_whole_fixations.119,Minimum_duration_of_whole_fixations.120,Minimum_duration_of_whole_fixations.full,Minimum_duration_of_whole_fixations.full,Minimum_duration_of_whole_fixations.full,Minimum_duration_of_whole_fixations.full,Minimum_duration_of_whole_fixations.full,Minimum_duration_of_whole_fixations.full,Minimum_duration_of_whole_fixations.full,Minimum_duration_of_whole_fixations.Full,Minimum_duration_of_whole_fixations.Full,Minimum_duration_of_whole_fixations.Full,Minimum_duration_of_whole_fixations.Full,Minimum_duration_of_whole_fixations.Full,Minimum_duration_of_whole_fixations.Full,Minimum_duration_of_whole_fixations.Full,Maximum_duration_of_whole_fixations.109,Maximum_duration_of_whole_fixations.116,Maximum_duration_of_whole_fixations.119,Maximum_duration_of_whole_fixations.120,Maximum_duration_of_whole_fixations.full,Maximum_duration_of_whole_fixations.full,Maximum_duration_of_whole_fixations.full,Maximum_duration_of_whole_fixations.full,Maximum_duration_of_whole_fixations.full,Maximum_duration_of_whole_fixations.full,Maximum_duration_of_whole_fixations.full,Maximum_duration_of_whole_fixations.Full,Maximum_duration_of_whole_fixations.Full,Maximum_duration_of_whole_fixations.Full,Maximum_duration_of_whole_fixations.Full,Maximum_duration_of_whole_fixations.Full,Maximum_duration_of_whole_fixations.Full,Maximum_duration_of_whole_fixations.Full,Number_of_whole_fixations.109,Number_of_whole_fixations.116,Number_of_whole_fixations.119,Number_of_whole_fixations.120,Number_of_whole_fixations.full,Number_of_whole_fixations.full,Number_of_whole_fixations.full,Number_of_whole_fixations.full,Number_of_whole_fixations.full,Number_of_whole_fixations.full,Number_of_whole_fixations.full,Number_of_whole_fixations.Full,Number_of_whole_fixations.Full,Number_of_whole_fixations.Full,Number_of_whole_fixations.Full,Number_of_whole_fixations.Full,Number_of_whole_fixations.Full,Number_of_whole_fixations.Full,Time_to_first_whole_fixation.109,Time_to_first_whole_fixation.116,Time_to_first_whole_fixation.119,Time_to_first_whole_fixation.120,Time_to_first_whole_fixation.full,Time_to_first_whole_fixation.full,Time_to_first_whole_fixation.full,Time_to_first_whole_fixation.full,Time_to_first_whole_fixation.full,Time_to_first_whole_fixation.full,Time_to_first_whole_fixation.full,Time_to_first_whole_fixation.Full,Time_to_first_whole_fixation.Full,Time_to_first_whole_fixation.Full,Time_to_first_whole_fixation.Full,Time_to_first_whole_fixation.Full,Time_to_first_whole_fixation.Full,Time_to_first_whole_fixation.Full,Duration_of_first_whole_fixation.109,Duration_of_first_whole_fixation.116,Duration_of_first_whole_fixation.119,Duration_of_first_whole_fixation.120,Duration_of_first_whole_fixation.full,Duration_of_first_whole_fixation.full,Duration_of_first_whole_fixation.full,Duration_of_first_whole_fixation.full,Duration_of_first_whole_fixation.full,Duration_of_first_whole_fixation.full,Duration_of_first_whole_fixation.full,Duration_of_first_whole_fixation.Full,Duration_of_first_whole_fixation.Full,Duration_of_first_whole_fixation.Full,Duration_of_first_whole_fixation.Full,Duration_of_first_whole_fixation.Full,Duration_of_first_whole_fixation.Full,Duration_of_first_whole_fixation.Full,Average_whole-fixation_pupil_diameter.109,Average_whole-fixation_pupil_diameter.116,Average_whole-fixation_pupil_diameter.119,Average_whole-fixation_pupil_diameter.120,Average_whole-fixation_pupil_diameter.full,Average_whole-fixation_pupil_diameter.full,Average_whole-fixation_pupil_diameter.full,Average_whole-fixation_pupil_diameter.full,Average_whole-fixation_pupil_diameter.full,Average_whole-fixation_pupil_diameter.full,Average_whole-fixation_pupil_diameter.full,Average_whole-fixation_pupil_diameter.Full,Average_whole-fixation_pupil_diameter.Full,Average_whole-fixation_pupil_diameter.Full,Average_whole-fixation_pupil_diameter.Full,Average_whole-fixation_pupil_diameter.Full,Average_whole-fixation_pupil_diameter.Full,Average_whole-fixation_pupil_diameter.Full,Total_duration_of_Visit.109,Total_duration_of_Visit.116,Total_duration_of_Visit.119,Total_duration_of_Visit.120,Total_duration_of_Visit.full,Total_duration_of_Visit.full,Total_duration_of_Visit.full,Total_duration_of_Visit.full,Total_duration_of_Visit.full,Total_duration_of_Visit.full,Total_duration_of_Visit.full,Total_duration_of_Visit.Full,Total_duration_of_Visit.Full,Total_duration_of_Visit.Full,Total_duration_of_Visit.Full,Total_duration_of_Visit.Full,Total_duration_of_Visit.Full,Total_duration_of_Visit.Full,Average_duration_of_Visit.109,Average_duration_of_Visit.116,Average_duration_of_Visit.119,Average_duration_of_Visit.120,Average_duration_of_Visit.full,Average_duration_of_Visit.full,Average_duration_of_Visit.full,Average_duration_of_Visit.full,Average_duration_of_Visit.full,Average_duration_of_Visit.full,Average_duration_of_Visit.full,Average_duration_of_Visit.Full,Average_duration_of_Visit.Full,Average_duration_of_Visit.Full,Average_duration_of_Visit.Full,Average_duration_of_Visit.Full,Average_duration_of_Visit.Full,Average_duration_of_Visit.Full,Minimum_duration_of_Visit.109,Minimum_duration_of_Visit.116,Minimum_duration_of_Visit.119,Minimum_duration_of_Visit.120,Minimum_duration_of_Visit.full,Minimum_duration_of_Visit.full,Minimum_duration_of_Visit.full,Minimum_duration_of_Visit.full,Minimum_duration_of_Visit.full,Minimum_duration_of_Visit.full,Minimum_duration_of_Visit.full,Minimum_duration_of_Visit.Full,Minimum_duration_of_Visit.Full,Minimum_duration_of_Visit.Full,Minimum_duration_of_Visit.Full,Minimum_duration_of_Visit.Full,Minimum_duration_of_Visit.Full,Minimum_duration_of_Visit.Full,Maximum_duration_of_Visit.109,Maximum_duration_of_Visit.116,Maximum_duration_of_Visit.119,Maximum_duration_of_Visit.120,Maximum_duration_of_Visit.full,Maximum_duration_of_Visit.full,Maximum_duration_of_Visit.full,Maximum_duration_of_Visit.full,Maximum_duration_of_Visit.full,Maximum_duration_of_Visit.full,Maximum_duration_of_Visit.full,Maximum_duration_of_Visit.Full,Maximum_duration_of_Visit.Full,Maximum_duration_of_Visit.Full,Maximum_duration_of_Visit.Full,Maximum_duration_of_Visit.Full,Maximum_duration_of_Visit.Full,Maximum_duration_of_Visit.Full,Number_of_Visits.109,Number_of_Visits.116,Number_of_Visits.119,Number_of_Visits.120,Number_of_Visits.full,Number_of_Visits.full,Number_of_Visits.full,Number_of_Visits.full,Number_of_Visits.full,Number_of_Visits.full,Number_of_Visits.full,Number_of_Visits.Full,Number_of_Visits.Full,Number_of_Visits.Full,Number_of_Visits.Full,Number_of_Visits.Full,Number_of_Visits.Full,Number_of_Visits.Full,Time_to_first_Visit.109,Time_to_first_Visit.116,Time_to_first_Visit.119,Time_to_first_Visit.120,Time_to_first_Visit.full,Time_to_first_Visit.full,Time_to_first_Visit.full,Time_to_first_Visit.full,Time_to_first_Visit.full,Time_to_first_Visit.full,Time_to_first_Visit.full,Time_to_first_Visit.Full,Time_to_first_Visit.Full,Time_to_first_Visit.Full,Time_to_first_Visit.Full,Time_to_first_Visit.Full,Time_to_first_Visit.Full,Time_to_first_Visit.Full,Duration_of_first_Visit.109,Duration_of_first_Visit.116,Duration_of_first_Visit.119,Duration_of_first_Visit.120,Duration_of_first_Visit.full,Duration_of_first_Visit.full,Duration_of_first_Visit.full,Duration_of_first_Visit.full,Duration_of_first_Visit.full,Duration_of_first_Visit.full,Duration_of_first_Visit.full,Duration_of_first_Visit.Full,Duration_of_first_Visit.Full,Duration_of_first_Visit.Full,Duration_of_first_Visit.Full,Duration_of_first_Visit.Full,Duration_of_first_Visit.Full,Duration_of_first_Visit.Full,Total_duration_of_Glances.109,Total_duration_of_Glances.116,Total_duration_of_Glances.119,Total_duration_of_Glances.120,Total_duration_of_Glances.full,Total_duration_of_Glances.full,Total_duration_of_Glances.full,Total_duration_of_Glances.full,Total_duration_of_Glances.full,Total_duration_of_Glances.full,Total_duration_of_Glances.full,Total_duration_of_Glances.Full,Total_duration_of_Glances.Full,Total_duration_of_Glances.Full,Total_duration_of_Glances.Full,Total_duration_of_Glances.Full,Total_duration_of_Glances.Full,Total_duration_of_Glances.Full,Average_duration_of_Glances.109,Average_duration_of_Glances.116,Average_duration_of_Glances.119,Average_duration_of_Glances.120,Average_duration_of_Glances.full,Average_duration_of_Glances.full,Average_duration_of_Glances.full,Average_duration_of_Glances.full,Average_duration_of_Glances.full,Average_duration_of_Glances.full,Average_duration_of_Glances.full,Average_duration_of_Glances.Full,Average_duration_of_Glances.Full,Average_duration_of_Glances.Full,Average_duration_of_Glances.Full,Average_duration_of_Glances.Full,Average_duration_of_Glances.Full,Average_duration_of_Glances.Full,Minimum_duration_of_Glances.109,Minimum_duration_of_Glances.116,Minimum_duration_of_Glances.119,Minimum_duration_of_Glances.120,Minimum_duration_of_Glances.full,Minimum_duration_of_Glances.full,Minimum_duration_of_Glances.full,Minimum_duration_of_Glances.full,Minimum_duration_of_Glances.full,Minimum_duration_of_Glances.full,Minimum_duration_of_Glances.full,Minimum_duration_of_Glances.Full,Minimum_duration_of_Glances.Full,Minimum_duration_of_Glances.Full,Minimum_duration_of_Glances.Full,Minimum_duration_of_Glances.Full,Minimum_duration_of_Glances.Full,Minimum_duration_of_Glances.Full,Maximum_duration_of_Glances.109,Maximum_duration_of_Glances.116,Maximum_duration_of_Glances.119,Maximum_duration_of_Glances.120,Maximum_duration_of_Glances.full,Maximum_duration_of_Glances.full,Maximum_duration_of_Glances.full,Maximum_duration_of_Glances.full,Maximum_duration_of_Glances.full,Maximum_duration_of_Glances.full,Maximum_duration_of_Glances.full,Maximum_duration_of_Glances.Full,Maximum_duration_of_Glances.Full,Maximum_duration_of_Glances.Full,Maximum_duration_of_Glances.Full,Maximum_duration_of_Glances.Full,Maximum_duration_of_Glances.Full,Maximum_duration_of_Glances.Full,Number_of_Glances.109,Number_of_Glances.116,Number_of_Glances.119,Number_of_Glances.120,Number_of_Glances.full,Number_of_Glances.full,Number_of_Glances.full,Number_of_Glances.full,Number_of_Glances.full,Number_of_Glances.full,Number_of_Glances.full,Number_of_Glances.Full,Number_of_Glances.Full,Number_of_Glances.Full,Number_of_Glances.Full,Number_of_Glances.Full,Number_of_Glances.Full,Number_of_Glances.Full,Time_to_first_Glance.109,Time_to_first_Glance.116,Time_to_first_Glance.119,Time_to_first_Glance.120,Time_to_first_Glance.full,Time_to_first_Glance.full,Time_to_first_Glance.full,Time_to_first_Glance.full,Time_to_first_Glance.full,Time_to_first_Glance.full,Time_to_first_Glance.full,Time_to_first_Glance.Full,Time_to_first_Glance.Full,Time_to_first_Glance.Full,Time_to_first_Glance.Full,Time_to_first_Glance.Full,Time_to_first_Glance.Full,Time_to_first_Glance.Full,Duration_of_first_Glance.109,Duration_of_first_Glance.116,Duration_of_first_Glance.119,Duration_of_first_Glance.120,Duration_of_first_Glance.full,Duration_of_first_Glance.full,Duration_of_first_Glance.full,Duration_of_first_Glance.full,Duration_of_first_Glance.full,Duration_of_first_Glance.full,Duration_of_first_Glance.full,Duration_of_first_Glance.Full,Duration_of_first_Glance.Full,Duration_of_first_Glance.Full,Duration_of_first_Glance.Full,Duration_of_first_Glance.Full,Duration_of_first_Glance.Full,Duration_of_first_Glance.Full,Total_duration_of_whole_fixations,Average_duration_of_whole_fixations,Number_of_whole_fixations,Duration_of_first_whole_fixation,Average_whole-fixation_pupil_diameter,Number_of_saccades,Average_peak_velocity_of_saccades,Minimum_peak_velocity_of_saccades,Maximum_peak_velocity_of_saccades,Standard_deviation_of_peak_velocity_of_saccades,Average_amplitude_of_saccades,Minimum_amplitude_of_saccades,Maximum_amplitude_of_saccades,Total_amplitude_of_saccades,Time_to_first_saccade,Direction_of_first_saccade,Peak_velocity_of_first_saccade,Average_velocity_of_first_saccade,Amplitude_of_first_saccade,Number_of_saccades_in_AOI.109,Number_of_saccades_in_AOI.116,Number_of_saccades_in_AOI.119,Number_of_saccades_in_AOI.120,Number_of_saccades_in_AOI.full,Number_of_saccades_in_AOI.full,Number_of_saccades_in_AOI.full,Number_of_saccades_in_AOI.full,Number_of_saccades_in_AOI.full,Number_of_saccades_in_AOI.full,Number_of_saccades_in_AOI.full,Number_of_saccades_in_AOI.Full,Number_of_saccades_in_AOI.Full,Number_of_saccades_in_AOI.Full,Number_of_saccades_in_AOI.Full,Number_of_saccades_in_AOI.Full,Number_of_saccades_in_AOI.Full,Number_of_saccades_in_AOI.Full,Time_to_entry_saccade.109,Time_to_entry_saccade.116,Time_to_entry_saccade.119,Time_to_entry_saccade.120,Time_to_entry_saccade.full,Time_to_entry_saccade.full,Time_to_entry_saccade.full,Time_to_entry_saccade.full,Time_to_entry_saccade.full,Time_to_entry_saccade.full,Time_to_entry_saccade.full,Time_to_entry_saccade.Full,Time_to_entry_saccade.Full,Time_to_entry_saccade.Full,Time_to_entry_saccade.Full,Time_to_entry_saccade.Full,Time_to_entry_saccade.Full,Time_to_entry_saccade.Full,Time_to_exit_saccade.109,Time_to_exit_saccade.116,Time_to_exit_saccade.119,Time_to_exit_saccade.120,Time_to_exit_saccade.full,Time_to_exit_saccade.full,Time_to_exit_saccade.full,Time_to_exit_saccade.full,Time_to_exit_saccade.full,Time_to_exit_saccade.full,Time_to_exit_saccade.full,Time_to_exit_saccade.Full,Time_to_exit_saccade.Full,Time_to_exit_saccade.Full,Time_to_exit_saccade.Full,Time_to_exit_saccade.Full,Time_to_exit_saccade.Full,Time_to_exit_saccade.Full,Peak_velocity_of_entry_saccade.109,Peak_velocity_of_entry_saccade.116,Peak_velocity_of_entry_saccade.119,Peak_velocity_of_entry_saccade.120,Peak_velocity_of_entry_saccade.full,Peak_velocity_of_entry_saccade.full,Peak_velocity_of_entry_saccade.full,Peak_velocity_of_entry_saccade.full,Peak_velocity_of_entry_saccade.full,Peak_velocity_of_entry_saccade.full,Peak_velocity_of_entry_saccade.full,Peak_velocity_of_entry_saccade.Full,Peak_velocity_of_entry_saccade.Full,Peak_velocity_of_entry_saccade.Full,Peak_velocity_of_entry_saccade.Full,Peak_velocity_of_entry_saccade.Full,Peak_velocity_of_entry_saccade.Full,Peak_velocity_of_entry_saccade.Full,Peak_velocity_of_exit_saccade.109,Peak_velocity_of_exit_saccade.116,Peak_velocity_of_exit_saccade.119,Peak_velocity_of_exit_saccade.120,Peak_velocity_of_exit_saccade.full,Peak_velocity_of_exit_saccade.full,Peak_velocity_of_exit_saccade.full,Peak_velocity_of_exit_saccade.full,Peak_velocity_of_exit_saccade.full,Peak_velocity_of_exit_saccade.full,Peak_velocity_of_exit_saccade.full,Peak_velocity_of_exit_saccade.Full,Peak_velocity_of_exit_saccade.Full,Peak_velocity_of_exit_saccade.Full,Peak_velocity_of_exit_saccade.Full,Peak_velocity_of_exit_saccade.Full,Peak_velocity_of_exit_saccade.Full,Peak_velocity_of_exit_saccade.Full
107,TOI_0-5,1,scenevideo,5000,0,0,0,,,,,,4555,,,,,,,,,,,,,,,,,,506,,,,,,,,,,,,,,,,,,80,,,,,,,,,,,,,,,,,,1299,,,,,,,,,,,,,,,,,,9,,,,,,,,,,,,,,,,,,4,,,,,,,,,,,,,,,,,,872,,,,,,,,,,,,,,,Full,full,,,,"2,24453",,,,,,,,,,,,,,,,,,2384,,,,,,,,,,,,,,,,,,341,,,,,,,,,,,,,,,,,,80,,,,,,,,,,,,,,,,,,671,,,,,,,,,,,,,,,,,,7,,,,,,,,,,,,,,,,,,1026,,,,,,,,,,,,,,,,,,471,,,,,,,,,,,,,,,,,,"2,30501",,,,,,,,,,,,,,,,,,4996,,,,,,,,,,,,,,,,,,4996,,,,,,,,,,,,,,,,,,4996,,,,,,,,,,,,,,,,,,4996,,,,,,,,,,,,,,,,,,1,,,,,,,,,,,,,,,,,,4,,,,,,,,,,,,,,,,,,4996,,,,,,,,,,,,,,,,,,4996,,,,,,,,,,,,,,,,,,4996,,,,,,,,,,,,,,,,,,4996,,,,,,,,,,,,,,,,,,4996,,,,,,,,,,,,,,,,,,1,,,,,,,,,,,,,,,,,,4,,,,,,,,,,,,,,,,,,4996,,,,,,,,,,,,,,,2384,341,7,471,"2,30501",7,"285,16","137,26","394,63","105,39","11,07","4,78","17,45","77,52",1497,"278,25","348,88","281,21","16,38",,,,7,,,,,,,,,,,,,,,,,,,,,,,,,,,,,,,,,,,,,,,,,,,,,,,,,,,,,,,,,,,,,,,,,,,,,,,,,,,,,,,,,,,,,,
118,TOI_0-5,1,scenevideo,5000,0,0,0,,,,,,,,4479,,,,,,,,,,,,,,,,,,345,,,,,,,,,,,,,,,,,,120,,,,,,,,,,,,,,,,,,698,,,,,,,,,,,,,,,,,,13,,,,,,,,,,,,,,,,,,0,,,,,,,,,,,,,,,,,,698,,,,,,,,,,,,,full,full,,,,,,"2,61792",,,,,,,,,,,,,,,,,,2705,,,,,,,,,,,,,,,,,,338,,,,,,,,,,,,,,,,,,140,,,,,,,,,,,,,,,,,,621,,,,,,,,,,,,,,,,,,8,,,,,,,,,,,,,,,,,,739,,,,,,,,,,,,,,,,,,321,,,,,,,,,,,,,,,,,,"2,61943",,,,,,,,,,,,,,,,,,5000,,,,,,,,,,,,,,,,,,5000,,,,,,,,,,,,,,,,,,5000,,,,,,,,,,,,,,,,,,5000,,,,,,,,,,,,,,,,,,1,,,,,,,,,,,,,,,,,,0,,,,,,,,,,,,,,,,,,5000,,,,,,,,,,,,,,,,,,5000,,,,,,,,,,,,,,,,,,5000,,,,,,,,,,,,,,,,,,5000,,,,,,,,,,,,,,,,,,5000,,,,,,,,,,,,,,,,,,1,,,,,,,,,,,,,,,,,,0,,,,,,,,,,,,,,,,,,5000,,,,,,,,,,,,,2705,338,8,321,"2,61943",9,"141,72","104,81","179,38","28,68","4,73","2,29","7,75","42,6",698,"70,24","131,86","116,86","4,4",,,,,,9,,,,,,,,,,,,,,,,,,,,,,,,,,,,,,,,,,,,,,,,,,,,,,,,,,,,,,,,,,,,,,,,,,,,,,,,,,,,,,,,,,,,
105,TOI_0-5,1,scenevideo,5000,0,0,0,,,,,,,,,,,,,,,,,3916,,,,,,,,,,,,,,,,,,245,,,,,,,,,,,,,,,,,,49,,,,,,,,,,,,,,,,,,611,,,,,,,,,,,,,,,,,,16,,,,,,,,,,,,,,,,,,2,,,,,,,,,,,,,,,,,,80,,,,Full,Full,,,,,,,,,,,,,,,"2,78076",,,,,,,,,,,,,,,,,,1633,,,,,,,,,,,,,,,,,,233,,,,,,,,,,,,,,,,,,120,,,,,,,,,,,,,,,,,,591,,,,,,,,,,,,,,,,,,7,,,,,,,,,,,,,,,,,,152,,,,,,,,,,,,,,,,,,250,,,,,,,,,,,,,,,,,,"2,74816",,,,,,,,,,,,,,,,,,4998,,,,,,,,,,,,,,,,,,4998,,,,,,,,,,,,,,,,,,4998,,,,,,,,,,,,,,,,,,4998,,,,,,,,,,,,,,,,,,1,,,,,,,,,,,,,,,,,,2,,,,,,,,,,,,,,,,,,4998,,,,,,,,,,,,,,,,,,4998,,,,,,,,,,,,,,,,,,4998,,,,,,,,,,,,,,,,,,4998,,,,,,,,,,,,,,,,,,4998,,,,,,,,,,,,,,,,,,1,,,,,,,,,,,,,,,,,,2,,,,,,,,,,,,,,,,,,4998,,,,1633,233,7,250,"2,74816",4,"242,72","121,31","395,2","117,92","6,88","1,37","14,5","27,51",693,"256,03","267,46","205,41","7,56",,,,,,,,,,,,,,,4,,,,,,,,,,,,,,,,,,,,,,,,,,,,,,,,,,,,,,,,,,,,,,,,,,,,,,,,,,,,,,,,,,,,,,,,,,,
111,TOI_0-5,1,scenevideo,5000,0,0,0,,,,,,,,,,,,,4117,,,,,,,,,,,,,,,,,,374,,,,,,,,,,,,,,,,,,120,,,,,,,,,,,,,,,,,,851,,,,,,,,,,,,,,,,,,11,,,,,,,,,,,,,,,,,,1,,,,,,,,,,,,,,,,,,321,,,,,,,,full,full,,,,,,,,,,,"3,57531",,,,,,,,,,,,,,,,,,2464,,,,,,,,,,,,,,,,,,308,,,,,,,,,,,,,,,,,,120,,,,,,,,,,,,,,,,,,521,,,,,,,,,,,,,,,,,,8,,,,,,,,,,,,,,,,,,342,,,,,,,,,,,,,,,,,,220,,,,,,,,,,,,,,,,,,"3,60593",,,,,,,,,,,,,,,,,,4999,,,,,,,,,,,,,,,,,,4999,,,,,,,,,,,,,,,,,,4999,,,,,,,,,,,,,,,,,,4999,,,,,,,,,,,,,,,,,,1,,,,,,,,,,,,,,,,,,1,,,,,,,,,,,,,,,,,,4999,,,,,,,,,,,,,,,,,,4999,,,,,,,,,,,,,,,,,,4999,,,,,,,,,,,,,,,,,,4999,,,,,,,,,,,,,,,,,,4999,,,,,,,,,,,,,,,,,,1,,,,,,,,,,,,,,,,,,1,,,,,,,,,,,,,,,,,,4999,,,,,,,,2464,308,8,220,"3,60593",7,"232,41","108,91","399,33","119,2","7,45","3,13","14,78","52,12",322,"288,81","109,83","109,83","5,05",,,,,,,,,,,7,,,,,,,,,,,,,,,,,,,,,,,,,,,,,,,,,,,,,,,,,,,,,,,,,,,,,,,,,,,,,,,,,,,,,,,,,,,,,,,
103,TOI_0-5,1,scenevideo,5000,0,0,0,,,,,,,,,,,,,,4495,,,,,,,,,,,,,,,,,,450,,,,,,,,,,,,,,,,,,7,,,,,,,,,,,,,,,,,,1242,,,,,,,,,,,,,,,,,,10,,,,,,,,,,,,,,,,,,4,,,,,,,,,,,,,,,,,,240,,,,,,,Full,Full,,,,,,,,,,,,"2,74458",,,,,,,,,,,,,,,,,,3647,,,,,,,,,,,,,,,,,,608,,,,,,,,,,,,,,,,,,120,,,,,,,,,,,,,,,,,,1242,,,,,,,,,,,,,,,,,,6,,,,,,,,,,,,,,,,,,264,,,,,,,,,,,,,,,,,,1242,,,,,,,,,,,,,,,,,,"2,73969",,,,,,,,,,,,,,,,,,4996,,,,,,,,,,,,,,,,,,4996,,,,,,,,,,,,,,,,,,4996,,,,,,,,,,,,,,,,,,4996,,,,,,,,,,,,,,,,,,1,,,,,,,,,,,,,,,,,,4,,,,,,,,,,,,,,,,,,4996,,,,,,,,,,,,,,,,,,4996,,,,,,,,,,,,,,,,,,4996,,,,,,,,,,,,,,,,,,4996,,,,,,,,,,,,,,,,,,4996,,,,,,,,,,,,,,,,,,1,,,,,,,,,,,,,,,,,,4,,,,,,,,,,,,,,,,,,4996,,,,,,,3647,608,6,1242,"2,73969",7,"231,18","100,52","467,4","123,98","7,37","2,37","18,16","51,56",244,"277,98","180,29","180,29","2,62",,,,,,,,,,,,7,,,,,,,,,,,,,,,,,,,,,,,,,,,,,,,,,,,,,,,,,,,,,,,,,,,,,,,,,,,,,,,,,,,,,,,,,,,,,,
110,TOI_0-5,1,scenevideo,5000,0,0,0,,,,,,,,,,,,4814,,,,,,,,,,,,,,,,,,963,,,,,,,,,,,,,,,,,,145,,,,,,,,,,,,,,,,,,2104,,,,,,,,,,,,,,,,,,5,,,,,,,,,,,,,,,,,,6,,,,,,,,,,,,,,,,,,1563,,,,,,,,,full,full,,,,,,,,,,"2,88277",,,,,,,,,,,,,,,,,,3106,,,,,,,,,,,,,,,,,,1035,,,,,,,,,,,,,,,,,,240,,,,,,,,,,,,,,,,,,2104,,,,,,,,,,,,,,,,,,3,,,,,,,,,,,,,,,,,,1629,,,,,,,,,,,,,,,,,,240,,,,,,,,,,,,,,,,,,"2,85966",,,,,,,,,,,,,,,,,,4994,,,,,,,,,,,,,,,,,,4994,,,,,,,,,,,,,,,,,,4994,,,,,,,,,,,,,,,,,,4994,,,,,,,,,,,,,,,,,,1,,,,,,,,,,,,,,,,,,6,,,,,,,,,,,,,,,,,,4994,,,,,,,,,,,,,,,,,,4994,,,,,,,,,,,,,,,,,,4994,,,,,,,,,,,,,,,,,,4994,,,,,,,,,,,,,,,,,,4994,,,,,,,,,,,,,,,,,,1,,,,,,,,,,,,,,,,,,6,,,,,,,,,,,,,,,,,,4994,,,,,,,,,3106,1035,3,240,"2,85966",4,"231,12","130,55","396,69","115,39","11,03","5,88","17,95","44,11",1569,"267,33","396,69","254,47","17,95",,,,,,,,,,4,,,,,,,,,,,,,,,,,,,,,,,,,,,,,,,,,,,,,,,,,,,,,,,,,,,,,,,,,,,,,,,,,,,,,,,,,,,,,,,,
114,TOI_0-5,1,scenevideo,5000,0,0,0,,,,,,,,,,,4770,,,,,,,,,,,,,,,,,,954,,,,,,,,,,,,,,,,,,260,,,,,,,,,,,,,,,,,,2935,,,,,,,,,,,,,,,,,,5,,,,,,,,,,,,,,,,,,0,,,,,,,,,,,,,,,,,,357,,,,,,,,,,full,full,,,,,,,,,"2,00994",,,,,,,,,,,,,,,,,,4037,,,,,,,,,,,,,,,,,,1346,,,,,,,,,,,,,,,,,,260,,,,,,,,,,,,,,,,,,2935,,,,,,,,,,,,,,,,,,3,,,,,,,,,,,,,,,,,,417,,,,,,,,,,,,,,,,,,842,,,,,,,,,,,,,,,,,,"1,99332",,,,,,,,,,,,,,,,,,5000,,,,,,,,,,,,,,,,,,5000,,,,,,,,,,,,,,,,,,5000,,,,,,,,,,,,,,,,,,5000,,,,,,,,,,,,,,,,,,1,,,,,,,,,,,,,,,,,,0,,,,,,,,,,,,,,,,,,5000,,,,,,,,,,,,,,,,,,5000,,,,,,,,,,,,,,,,,,5000,,,,,,,,,,,,,,,,,,5000,,,,,,,,,,,,,,,,,,5000,,,,,,,,,,,,,,,,,,1,,,,,,,,,,,,,,,,,,0,,,,,,,,,,,,,,,,,,5000,,,,,,,,,,4037,1346,3,842,"1,99332",2,"154,94","150,23","159,64","6,65","4,54","4,46","4,61","9,07",1258,"151,41","150,23","150,19","4,46",,,,,,,,,2,,,,,,,,,,,,,,,,,,,,,,,,,,,,,,,,,,,,,,,,,,,,,,,,,,,,,,,,,,,,,,,,,,,,,,,,,,,,,,,,,
106,TOI_0-5,1,scenevideo,5000,0,0,0,,,,,,,,,,,,,,,,4186,,,,,,,,,,,,,,,,,,349,,,,,,,,,,,,,,,,,,60,,,,,,,,,,,,,,,,,,842,,,,,,,,,,,,,,,,,,12,,,,,,,,,,,,,,,,,,0,,,,,,,,,,,,,,,,,,679,,,,,Full,full,,,,,,,,,,,,,,"2,23205",,,,,,,,,,,,,,,,,,3306,,,,,,,,,,,,,,,,,,331,,,,,,,,,,,,,,,,,,60,,,,,,,,,,,,,,,,,,842,,,,,,,,,,,,,,,,,,10,,,,,,,,,,,,,,,,,,800,,,,,,,,,,,,,,,,,,80,,,,,,,,,,,,,,,,,,"2,26834",,,,,,,,,,,,,,,,,,5000,,,,,,,,,,,,,,,,,,5000,,,,,,,,,,,,,,,,,,5000,,,,,,,,,,,,,,,,,,5000,,,,,,,,,,,,,,,,,,1,,,,,,,,,,,,,,,,,,0,,,,,,,,,,,,,,,,,,5000,,,,,,,,,,,,,,,,,,5000,,,,,,,,,,,,,,,,,,5000,,,,,,,,,,,,,,,,,,5000,,,,,,,,,,,,,,,,,,5000,,,,,,,,,,,,,,,,,,1,,,,,,,,,,,,,,,,,,0,,,,,,,,,,,,,,,,,,5000,,,,,3306,331,10,80,"2,26834",10,"309,97","107,52","514,87","181,03",13,"1,24","35,46","129,98",679,"341,06","484,18","285,51","35,46",,,,,,,,,,,,,,10,,,,,,,,,,,,,,,,,,,,,,,,,,,,,,,,,,,,,,,,,,,,,,,,,,,,,,,,,,,,,,,,,,,,,,,,,,,,
113,TOI_0-5,1,scenevideo,5000,0,0,0,,,,,4364,,,,,,,,,,,,,,,,,,397,,,,,,,,,,,,,,,,,,180,,,,,,,,,,,,,,,,,,1162,,,,,,,,,,,,,,,,,,11,,,,,,,,,,,,,,,,,,0,,,,,,,,,,,,,,,,,,457,,,,,,,,,,,,,,,,full,full,,,"2,35975",,,,,,,,,,,,,,,,,,3907,,,,,,,,,,,,,,,,,,391,,,,,,,,,,,,,,,,,,180,,,,,,,,,,,,,,,,,,1162,,,,,,,,,,,,,,,,,,10,,,,,,,,,,,,,,,,,,678,,,,,,,,,,,,,,,,,,321,,,,,,,,,,,,,,,,,,"2,33797",,,,,,,,,,,,,,,,,,5000,,,,,,,,,,,,,,,,,,5000,,,,,,,,,,,,,,,,,,5000,,,,,,,,,,,,,,,,,,5000,,,,,,,,,,,,,,,,,,1,,,,,,,,,,,,,,,,,,0,,,,,,,,,,,,,,,,,,5000,,,,,,,,,,,,,,,,,,5000,,,,,,,,,,,,,,,,,,5000,,,,,,,,,,,,,,,,,,5000,,,,,,,,,,,,,,,,,,5000,,,,,,,,,,,,,,,,,,1,,,,,,,,,,,,,,,,,,0,,,,,,,,,,,,,,,,,,5000,,,,,,,,,,,,,,,,3907,391,10,321,"2,33797",9,"251,97","136,47","363,56","81,39","11,08","5,25","15,95","99,74",998,"287,45","169,05","168,4","8,94",,,9,,,,,,,,,,,,,,,,,,,,,,,,,,,,,,,,,,,,,,,,,,,,,,,,,,,,,,,,,,,,,,,,,,,,,,,,,,,,,,,,,,,,,,,
108,TOI_0-5,1,scenevideo,5000,0,0,0,,,,,,,,,,,,,,,,,,,,3943,,,,,,,,,,,,,,,,,,232,,,,,,,,,,,,,,,,,,80,,,,,,,,,,,,,,,,,,441,,,,,,,,,,,,,,,,,,17,,,,,,,,,,,,,,,,,,55,,,,,,,,,,,,,,,,,,80,Full,Full,,,,,,,,,,,,,,,,,,"2,53164",,,,,,,,,,,,,,,,,,3426,,,,,,,,,,,,,,,,,,228,,,,,,,,,,,,,,,,,,80,,,,,,,,,,,,,,,,,,441,,,,,,,,,,,,,,,,,,15,,,,,,,,,,,,,,,,,,55,,,,,,,,,,,,,,,,,,80,,,,,,,,,,,,,,,,,,"2,54363",,,,,,,,,,,,,,,,,,4945,,,,,,,,,,,,,,,,,,4945,,,,,,,,,,,,,,,,,,4945,,,,,,,,,,,,,,,,,,4945,,,,,,,,,,,,,,,,,,1,,,,,,,,,,,,,,,,,,55,,,,,,,,,,,,,,,,,,4945,,,,,,,,,,,,,,,,,,4965,,,,,,,,,,,,,,,,,,4965,,,,,,,,,,,,,,,,,,4965,,,,,,,,,,,,,,,,,,4965,,,,,,,,,,,,,,,,,,1,,,,,,,,,,,,,,,,,,35,,,,,,,,,,,,,,,,,,4965,3426,228,15,80,"2,54363",12,"241,05","116,04","393,78","91,58","7,92","3,4","13,92","95,04",135,"180,39","116,04","116,04","3,4",,,,,,,,,,,,,,,,,,12,,,,,,,,,,,,,,,,,,,,,,,,,,,,,,,,,,,,,,,,,,,,,,,,,,,,,,,,,,,,,,,,,,,,,,,,
104,TOI_0-5,1,scenevideo,5000,0,0,0,,,,,,,,,,,,,,,,,,4494,,,,,,,,,,,,,,,,,,300,,,,,,,,,,,,,,,,,,66,,,,,,,,,,,,,,,,,,721,,,,,,,,,,,,,,,,,,15,,,,,,,,,,,,,,,,,,5,,,,,,,,,,,,,,,,,,160,,,Full,Full,,,,,,,,,,,,,,,,"2,35944",,,,,,,,,,,,,,,,,,4268,,,,,,,,,,,,,,,,,,328,,,,,,,,,,,,,,,,,,140,,,,,,,,,,,,,,,,,,721,,,,,,,,,,,,,,,,,,13,,,,,,,,,,,,,,,,,,185,,,,,,,,,,,,,,,,,,200,,,,,,,,,,,,,,,,,,"2,35946",,,,,,,,,,,,,,,,,,4995,,,,,,,,,,,,,,,,,,4995,,,,,,,,,,,,,,,,,,4995,,,,,,,,,,,,,,,,,,4995,,,,,,,,,,,,,,,,,,1,,,,,,,,,,,,,,,,,,5,,,,,,,,,,,,,,,,,,4995,,,,,,,,,,,,,,,,,,4995,,,,,,,,,,,,,,,,,,4995,,,,,,,,,,,,,,,,,,4995,,,,,,,,,,,,,,,,,,4995,,,,,,,,,,,,,,,,,,1,,,,,,,,,,,,,,,,,,5,,,,,,,,,,,,,,,,,,4995,,,4268,328,13,200,"2,35946",14,"259,75","105,57","414,11","104,86","9,51","3,22","16,5","133,12",165,"281,39","165,36","162,91","5,61",,,,,,,,,,,,,,,,14,,,,,,,,,,,,,,,,,,,,,,,,,,,,,,,,,,,,,,,,,,,,,,,,,,,,,,,,,,,,,,,,,,,,,,,,,,
109,TOI_0-5,1,scenevideo,5000,0,0,0,,,,,,,,,4840,,,,,,,,,,,,,,,,,,807,,,,,,,,,,,,,,,,,,180,,,,,,,,,,,,,,,,,,2416,,,,,,,,,,,,,,,,,,6,,,,,,,,,,,,,,,,,,0,,,,,,,,,,,,,,,,,,580,,,,,,,,,,,,full,full,,,,,,,"2,54633",,,,,,,,,,,,,,,,,,1843,,,,,,,,,,,,,,,,,,461,,,,,,,,,,,,,,,,,,180,,,,,,,,,,,,,,,,,,962,,,,,,,,,,,,,,,,,,4,,,,,,,,,,,,,,,,,,600,,,,,,,,,,,,,,,,,,240,,,,,,,,,,,,,,,,,,"2,4466",,,,,,,,,,,,,,,,,,5000,,,,,,,,,,,,,,,,,,5000,,,,,,,,,,,,,,,,,,5000,,,,,,,,,,,,,,,,,,5000,,,,,,,,,,,,,,,,,,1,,,,,,,,,,,,,,,,,,0,,,,,,,,,,,,,,,,,,5000,,,,,,,,,,,,,,,,,,5000,,,,,,,,,,,,,,,,,,5000,,,,,,,,,,,,,,,,,,5000,,,,,,,,,,,,,,,,,,5000,,,,,,,,,,,,,,,,,,1,,,,,,,,,,,,,,,,,,0,,,,,,,,,,,,,,,,,,5000,,,,,,,,,,,,1843,461,4,240,"2,4466",5,"185,6","116,91","302,68","92,21","9,15","4,13","13,73","45,75",580,"23,78","116,91","116,91","4,97",,,,,,,5,,,,,,,,,,,,,,,,,,,,,,,,,,,,,,,,,,,,,,,,,,,,,,,,,,,,,,,,,,,,,,,,,,,,,,,,,,,,,,,,,,,
117,TOI_0-5,1,scenevideo,5000,0,0,0,,,2817,,,,,,,,,,,,,,,,,,201,,,,,,,,,,,,,,,,,,12,,,,,,,,,,,,,,,,,,862,,,,,,,,,,,,,,,,,,14,,,,,,,,,,,,,,,,,,99,,,,,,,,,,,,,,,,,,100,,,,,,,,,,,,,,,,,,full,full,"2,27728",,,,,,,,,,,,,,,,,,2144,,,,,,,,,,,,,,,,,,306,,,,,,,,,,,,,,,,,,180,,,,,,,,,,,,,,,,,,862,,,,,,,,,,,,,,,,,,7,,,,,,,,,,,,,,,,,,320,,,,,,,,,,,,,,,,,,180,,,,,,,,,,,,,,,,,,"2,22947",,,,,,,,,,,,,,,,,,4901,,,,,,,,,,,,,,,,,,4901,,,,,,,,,,,,,,,,,,4901,,,,,,,,,,,,,,,,,,4901,,,,,,,,,,,,,,,,,,1,,,,,,,,,,,,,,,,,,99,,,,,,,,,,,,,,,,,,4901,,,,,,,,,,,,,,,,,,4901,,,,,,,,,,,,,,,,,,4901,,,,,,,,,,,,,,,,,,4901,,,,,,,,,,,,,,,,,,4901,,,,,,,,,,,,,,,,,,1,,,,,,,,,,,,,,,,,,99,,,,,,,,,,,,,,,,,,4901,,,,,,,,,,,,,,,,,,2144,306,7,180,"2,22947",5,"259,94","122,37","402,02","126,54","7,38","2,36","16,79","36,89",500,"88,69","307,18","307,18","3,92",5,,,,,,,,,,,,,,,,,,,,,,,,,,,,,,,,,,,,,,,,,,,,,,,,,,,,,,,,,,,,,,,,,,,,,,,,,,,,,,,,,,,,,,,,,
115,TOI_0-5,1,scenevideo,5000,0,0,0,,,,,,,,,,4579,,,,,,,,,,,,,,,,,,305,,,,,,,,,,,,,,,,,,12,,,,,,,,,,,,,,,,,,661,,,,,,,,,,,,,,,,,,15,,,,,,,,,,,,,,,,,,0,,,,,,,,,,,,,,,,,,399,,,,,,,,,,,full,full,,,,,,,,"2,52062",,,,,,,,,,,,,,,,,,4168,,,,,,,,,,,,,,,,,,321,,,,,,,,,,,,,,,,,,140,,,,,,,,,,,,,,,,,,661,,,,,,,,,,,,,,,,,,13,,,,,,,,,,,,,,,,,,419,,,,,,,,,,,,,,,,,,200,,,,,,,,,,,,,,,,,,"2,53728",,,,,,,,,,,,,,,,,,5000,,,,,,,,,,,,,,,,,,5000,,,,,,,,,,,,,,,,,,5000,,,,,,,,,,,,,,,,,,5000,,,,,,,,,,,,,,,,,,1,,,,,,,,,,,,,,,,,,0,,,,,,,,,,,,,,,,,,5000,,,,,,,,,,,,,,,,,,5000,,,,,,,,,,,,,,,,,,5000,,,,,,,,,,,,,,,,,,5000,,,,,,,,,,,,,,,,,,5000,,,,,,,,,,,,,,,,,,1,,,,,,,,,,,,,,,,,,0,,,,,,,,,,,,,,,,,,5000,,,,,,,,,,,4168,321,13,200,"2,53728",14,"256,71","144,38","475,68","97,75","8,02","2,3","18,12","112,34",399,"100,28","222,17","222,17","4,51",,,,,,,,14,,,,,,,,,,,,,,,,,,,,,,,,,,,,,,,,,,,,,,,,,,,,,,,,,,,,,,,,,,,,,,,,,,,,,,,,,,,,,,,,,,
102,TOI_0-5,1,scenevideo,5000,0,0,0,,,,,,,,,,,,,,,,,,,4623,,,,,,,,,,,,,,,,,,660,,,,,,,,,,,,,,,,,,220,,,,,,,,,,,,,,,,,,1403,,,,,,,,,,,,,,,,,,7,,,,,,,,,,,,,,,,,,0,,,,,,,,,,,,,,,,,,957,,Full,full,,,,,,,,,,,,,,,,,"2,71288",,,,,,,,,,,,,,,,,,3667,,,,,,,,,,,,,,,,,,611,,,,,,,,,,,,,,,,,,220,,,,,,,,,,,,,,,,,,1403,,,,,,,,,,,,,,,,,,6,,,,,,,,,,,,,,,,,,997,,,,,,,,,,,,,,,,,,301,,,,,,,,,,,,,,,,,,"2,70008",,,,,,,,,,,,,,,,,,4884,,,,,,,,,,,,,,,,,,4884,,,,,,,,,,,,,,,,,,4884,,,,,,,,,,,,,,,,,,4884,,,,,,,,,,,,,,,,,,1,,,,,,,,,,,,,,,,,,0,,,,,,,,,,,,,,,,,,4884,,,,,,,,,,,,,,,,,,4884,,,,,,,,,,,,,,,,,,4884,,,,,,,,,,,,,,,,,,4884,,,,,,,,,,,,,,,,,,4884,,,,,,,,,,,,,,,,,,1,,,,,,,,,,,,,,,,,,0,,,,,,,,,,,,,,,,,,4884,,3667,611,6,301,"2,70008",5,"168,89","130,86","201,06","31,98","5,11","2,78","7,72","25,53",957,"270,34","139,55","139,55","4,65",,,,,,,,,,,,,,,,,5,,,,,,,,,,,,,,,,,,,,,,,,,,,,,,,,,,,,,,,,,,,,,,,,,,,,,,,,,,,,,,,,,,,,,,,,,
101,TOI_0-5,1,scenevideo,5000,0,0,0,,,,,,,,,,,,,,,2160,,,,,,,,,,,,,,,,,,144,,,,,,,,,,,,,,,,,,6,,,,,,,,,,,,,,,,,,351,,,,,,,,,,,,,,,,,,15,,,,,,,,,,,,,,,,,,35,,,,,,,,,,,,,,,,,,70,,,,,,Full,Full,,,,,,,,,,,,,"2,69328",,,,,,,,,,,,,,,,,,2154,,,,,,,,,,,,,,,,,,154,,,,,,,,,,,,,,,,,,60,,,,,,,,,,,,,,,,,,351,,,,,,,,,,,,,,,,,,14,,,,,,,,,,,,,,,,,,35,,,,,,,,,,,,,,,,,,70,,,,,,,,,,,,,,,,,,"2,69422",,,,,,,,,,,,,,,,,,4965,,,,,,,,,,,,,,,,,,4965,,,,,,,,,,,,,,,,,,4965,,,,,,,,,,,,,,,,,,4965,,,,,,,,,,,,,,,,,,1,,,,,,,,,,,,,,,,,,35,,,,,,,,,,,,,,,,,,4965,,,,,,,,,,,,,,,,,,4995,,,,,,,,,,,,,,,,,,4995,,,,,,,,,,,,,,,,,,4995,,,,,,,,,,,,,,,,,,4995,,,,,,,,,,,,,,,,,,1,,,,,,,,,,,,,,,,,,5,,,,,,,,,,,,,,,,,,4995,,,,,,2154,154,14,70,"2,69422",5,"195,43","125,95","287,58","79,42","4,36","1,28","7,99","21,79",316,"88,43","134,84","119,88","4,46",,,,,,,,,,,,,5,,,,,,,,,,,,,,,,,,,,,,,,,,,,,,,,,,,,,,,,,,,,,,,,,,,,,,,,,,,,,,,,,,,,,,,,,,,,,
112,TOI_0-5,1,scenevideo,5000,0,0,0,,,,,,,3466,,,,,,,,,,,,,,,,,,289,,,,,,,,,,,,,,,,,,90,,,,,,,,,,,,,,,,,,791,,,,,,,,,,,,,,,,,,12,,,,,,,,,,,,,,,,,,37,,,,,,,,,,,,,,,,,,220,,,,,,,,,,,,,,full,full,,,,,"3,06741",,,,,,,,,,,,,,,,,,2925,,,,,,,,,,,,,,,,,,325,,,,,,,,,,,,,,,,,,100,,,,,,,,,,,,,,,,,,791,,,,,,,,,,,,,,,,,,9,,,,,,,,,,,,,,,,,,618,,,,,,,,,,,,,,,,,,190,,,,,,,,,,,,,,,,,,"3,07155",,,,,,,,,,,,,,,,,,4963,,,,,,,,,,,,,,,,,,4963,,,,,,,,,,,,,,,,,,4963,,,,,,,,,,,,,,,,,,4963,,,,,,,,,,,,,,,,,,1,,,,,,,,,,,,,,,,,,37,,,,,,,,,,,,,,,,,,4963,,,,,,,,,,,,,,,,,,4973,,,,,,,,,,,,,,,,,,4973,,,,,,,,,,,,,,,,,,4973,,,,,,,,,,,,,,,,,,4973,,,,,,,,,,,,,,,,,,1,,,,,,,,,,,,,,,,,,27,,,,,,,,,,,,,,,,,,4973,,,,,,,,,,,,,,2925,325,9,190,"3,07155",6,"191,52","101,63","311,15","78,47","5,6","3,22","9,33","33,63",808,"114,01","101,63","101,63","3,22",,,,,6,,,,,,,,,,,,,,,,,,,,,,,,,,,,,,,,,,,,,,,,,,,,,,,,,,,,,,,,,,,,,,,,,,,,,,,,,,,,,,,,,,,,,
116,TOI_0-5,1,scenevideo,5000,0,0,0,,,,4308,,,,,,,,,,,,,,,,,,359,,,,,,,,,,,,,,,,,,60,,,,,,,,,,,,,,,,,,2044,,,,,,,,,,,,,,,,,,12,,,,,,,,,,,,,,,,,,45,,,,,,,,,,,,,,,,,,120,,,,,,,,,,,,,,,,,full,full,,"2,69954",,,,,,,,,,,,,,,,,,4027,,,,,,,,,,,,,,,,,,366,,,,,,,,,,,,,,,,,,60,,,,,,,,,,,,,,,,,,2044,,,,,,,,,,,,,,,,,,11,,,,,,,,,,,,,,,,,,45,,,,,,,,,,,,,,,,,,120,,,,,,,,,,,,,,,,,,"2,70307",,,,,,,,,,,,,,,,,,4955,,,,,,,,,,,,,,,,,,4955,,,,,,,,,,,,,,,,,,4955,,,,,,,,,,,,,,,,,,4955,,,,,,,,,,,,,,,,,,1,,,,,,,,,,,,,,,,,,45,,,,,,,,,,,,,,,,,,4955,,,,,,,,,,,,,,,,,,4995,,,,,,,,,,,,,,,,,,4995,,,,,,,,,,,,,,,,,,4995,,,,,,,,,,,,,,,,,,4995,,,,,,,,,,,,,,,,,,1,,,,,,,,,,,,,,,,,,5,,,,,,,,,,,,,,,,,,4995,,,,,,,,,,,,,,,,,4027,366,11,120,"2,70307",7,"251,78","108,09","391,61","94,56","6,93","0,8","13,7","48,51",165,"11,45","391,61","391,61","10,93",,7,,,,,,,,,,,,,,,,,,,,,,,,,,,,,,,,,,,,,,,,,,,,,,,,,,,,,,,,,,,,,,,,,,,,,,,,,,,,,,,,,,,,,,,,